,actual,predicted
0,HNSC,HNSC
1,HNSC,HNSC
2,HNSC,HNSC
3,HNSC,HNSC
4,HNSC,HNSC
5,HNSC,HNSC
6,HNSC,CESC
7,HNSC,ESCA
8,HNSC,LUSC
9,HNSC,ESCA
10,HNSC,HNSC
11,HNSC,HNSC
12,HNSC,HNSC
13,HNSC,HNSC
14,HNSC,BLCA
15,HNSC,HNSC
16,HNSC,BLCA
17,HNSC,CESC
18,HNSC,CESC
19,HNSC,HNSC
20,HNSC,TGCT
21,PRAD,PRAD
22,PRAD,PRAD
23,PRAD,PRAD
24,PRAD,PRAD
25,PRAD,PRAD
26,PRAD,PRAD
27,PRAD,PRAD
28,PRAD,PRAD
29,PRAD,PRAD
30,PRAD,PRAD
31,PRAD,PRAD
32,PRAD,PRAD
33,PRAD,PRAD
34,PRAD,PRAD
35,PRAD,PRAD
36,PRAD,PRAD
37,PRAD,UCEC
38,PRAD,PRAD
39,PRAD,PRAD
40,PRAD,PRAD
41,PRAD,PRAD
42,PRAD,PRAD
43,PRAD,PRAD
44,PRAD,PRAD
45,PRAD,PRAD
46,PRAD,PRAD
47,PRAD,PRAD
48,PRAD,PRAD
49,PRAD,PRAD
50,PRAD,PRAD
51,PRAD,PRAD
52,PRAD,PRAD
53,PRAD,PRAD
54,PRAD,PRAD
55,PRAD,PRAD
56,PRAD,PRAD
57,PRAD,PRAD
58,PRAD,PRAD
59,PRAD,PRAD
60,PRAD,HNSC
61,PRAD,PRAD
62,PRAD,PRAD
63,PRAD,PRAD
64,PRAD,PRAD
65,PRAD,PRAD
66,PRAD,PRAD
67,PRAD,PRAD
68,PRAD,PRAD
69,PRAD,PRAD
70,PRAD,PRAD
71,PRAD,PRAD
72,PRAD,PRAD
73,PRAD,PRAD
74,PRAD,PRAD
75,PRAD,PRAD
76,PRAD,PRAD
77,PRAD,PRAD
78,PRAD,PRAD
79,PRAD,PRAD
80,PRAD,PRAD
81,PRAD,PRAD
82,PRAD,PRAD
83,PRAD,PRAD
84,PRAD,PRAD
85,PRAD,PRAD
86,PRAD,PRAD
87,PRAD,PRAD
88,PRAD,PRAD
89,PRAD,PRAD
90,PRAD,PRAD
91,PRAD,HNSC
92,PRAD,PRAD
93,PRAD,PRAD
94,PRAD,PRAD
95,PRAD,PRAD
96,PRAD,PRAD
97,PRAD,PRAD
98,PRAD,PRAD
99,PRAD,PRAD
100,PRAD,PRAD
101,PRAD,PRAD
102,PRAD,PRAD
103,PRAD,PRAD
104,PRAD,PRAD
105,PRAD,PRAD
106,PRAD,PRAD
107,PRAD,PRAD
108,PRAD,PRAD
109,PRAD,PRAD
110,PRAD,PRAD
111,PRAD,PRAD
112,PRAD,PRAD
113,PRAD,PRAD
114,PRAD,PRAD
115,PRAD,PRAD
116,PRAD,PRAD
117,PRAD,PRAD
118,PRAD,PRAD
119,PRAD,PRAD
120,PRAD,PRAD
121,PRAD,PRAD
122,PRAD,PRAD
123,PRAD,PRAD
124,PRAD,PRAD
125,PRAD,PRAD
126,PRAD,PRAD
127,PRAD,PRAD
128,PRAD,PRAD
129,PRAD,PRAD
130,PRAD,PRAD
131,PRAD,PRAD
132,PRAD,PRAD
133,PRAD,PRAD
134,PRAD,PRAD
135,PRAD,PRAD
136,PRAD,PRAD
137,PRAD,PRAD
138,PRAD,PRAD
139,PRAD,PRAD
140,PRAD,PRAD
141,PRAD,TGCT
142,PRAD,PRAD
143,PRAD,PRAD
144,PRAD,PRAD
145,PRAD,PRAD
146,PRAD,PRAD
147,PRAD,PRAD
148,PRAD,PRAD
149,PRAD,PRAD
150,PRAD,PRAD
151,PRAD,PRAD
152,PRAD,PRAD
153,PRAD,PRAD
154,PRAD,PRAD
155,PRAD,PRAD
156,PRAD,PRAD
157,PRAD,PRAD
158,PRAD,PRAD
159,PRAD,PRAD
160,PRAD,PRAD
161,PRAD,PRAD
162,PRAD,PRAD
163,PRAD,PRAD
164,PRAD,PRAD
165,PRAD,PRAD
166,PRAD,PRAD
167,PRAD,PRAD
168,PRAD,PRAD
169,PRAD,PRAD
170,PRAD,PRAD
171,PRAD,PRAD
172,PRAD,PRAD
173,PRAD,PRAD
174,PRAD,PRAD
175,PRAD,PRAD
176,PRAD,HNSC
177,PRAD,PRAD
178,PRAD,PRAD
179,PRAD,PRAD
180,PRAD,PRAD
181,BRCA,BRCA
182,BRCA,BRCA
183,BRCA,BRCA
184,BRCA,BRCA
185,BRCA,BRCA
186,BRCA,BRCA
187,BRCA,BRCA
188,BRCA,BRCA
189,BRCA,BRCA
190,BRCA,BRCA
191,BRCA,BRCA
192,BRCA,BRCA
193,BRCA,BRCA
194,BRCA,BRCA
195,BRCA,BRCA
196,BRCA,BRCA
197,BRCA,BRCA
198,BRCA,BRCA
199,BRCA,BRCA
200,BRCA,BRCA
201,BRCA,BRCA
202,BRCA,BRCA
203,BRCA,BRCA
204,BRCA,BRCA
205,BRCA,BRCA
206,BRCA,BRCA
207,BRCA,BRCA
208,BRCA,BRCA
209,BRCA,BRCA
210,BRCA,BRCA
211,BRCA,BRCA
212,BRCA,BRCA
213,BRCA,BRCA
214,BRCA,BRCA
215,BRCA,BRCA
216,BRCA,BRCA
217,BRCA,BRCA
218,BRCA,BRCA
219,BRCA,BRCA
220,BRCA,BRCA
221,BRCA,BRCA
222,BRCA,BRCA
223,BRCA,BRCA
224,BRCA,BRCA
225,BRCA,BRCA
226,BRCA,BRCA
227,BRCA,BRCA
228,BRCA,BRCA
229,BRCA,BRCA
230,BRCA,BRCA
231,BRCA,BRCA
232,BRCA,BRCA
233,BRCA,BRCA
234,BRCA,BRCA
235,BRCA,BRCA
236,BRCA,BRCA
237,BRCA,BRCA
238,BRCA,BRCA
239,BRCA,BRCA
240,BRCA,BRCA
241,BRCA,BRCA
242,BRCA,BRCA
243,BRCA,BRCA
244,BRCA,BRCA
245,BRCA,BRCA
246,BRCA,BRCA
247,BRCA,BRCA
248,BRCA,BRCA
249,BRCA,BRCA
250,BRCA,BRCA
251,BRCA,BRCA
252,BRCA,BRCA
253,BRCA,BRCA
254,BRCA,BRCA
255,BRCA,BRCA
256,BRCA,BRCA
257,BRCA,BRCA
258,BRCA,BRCA
259,BRCA,BRCA
260,BRCA,BRCA
261,BRCA,BRCA
262,BRCA,BRCA
263,BRCA,BRCA
264,BRCA,BRCA
265,BRCA,BRCA
266,BRCA,BRCA
267,BRCA,BRCA
268,BRCA,BRCA
269,BRCA,BRCA
270,BRCA,BRCA
271,BRCA,BRCA
272,BRCA,BRCA
273,BRCA,BRCA
274,BRCA,BRCA
275,BRCA,BRCA
276,BRCA,SARC
277,BRCA,BRCA
278,BRCA,BRCA
279,BRCA,BRCA
280,BRCA,BRCA
281,STAD,STAD
282,STAD,STAD
283,STAD,STAD
284,STAD,STAD
285,STAD,STAD
286,STAD,STAD
287,STAD,STAD
288,STAD,STAD
289,STAD,STAD
290,STAD,STAD
291,STAD,STAD
292,STAD,STAD
293,STAD,STAD
294,STAD,STAD
295,STAD,STAD
296,STAD,STAD
297,STAD,STAD
298,STAD,STAD
299,STAD,STAD
300,STAD,STAD
301,STAD,STAD
302,STAD,STAD
303,STAD,STAD
304,STAD,STAD
305,STAD,PAAD
306,STAD,STAD
307,STAD,STAD
308,STAD,STAD
309,STAD,PAAD
310,STAD,PAAD
311,STAD,STAD
312,STAD,STAD
313,STAD,STAD
314,STAD,STAD
315,STAD,STAD
316,STAD,PAAD
317,STAD,STAD
318,STAD,STAD
319,STAD,STAD
320,STAD,STAD
321,STAD,STAD
322,STAD,STAD
323,STAD,STAD
324,STAD,STAD
325,STAD,PAAD
326,STAD,PAAD
327,STAD,STAD
328,STAD,STAD
329,STAD,STAD
330,STAD,STAD
331,STAD,STAD
332,STAD,STAD
333,STAD,STAD
334,STAD,STAD
335,STAD,STAD
336,STAD,STAD
337,STAD,STAD
338,STAD,STAD
339,STAD,STAD
340,STAD,STAD
341,STAD,STAD
342,STAD,STAD
343,STAD,STAD
344,STAD,STAD
345,STAD,STAD
346,STAD,STAD
347,STAD,STAD
348,STAD,STAD
349,STAD,STAD
350,STAD,STAD
351,STAD,STAD
352,STAD,STAD
353,STAD,STAD
354,STAD,STAD
355,STAD,STAD
356,STAD,STAD
357,STAD,STAD
358,STAD,STAD
359,STAD,STAD
360,STAD,PAAD
361,STAD,STAD
362,STAD,PAAD
363,STAD,STAD
364,STAD,STAD
365,STAD,STAD
366,STAD,STAD
367,STAD,STAD
368,STAD,STAD
369,STAD,STAD
370,STAD,STAD
371,STAD,STAD
372,STAD,STAD
373,STAD,STAD
374,STAD,STAD
375,STAD,STAD
376,STAD,STAD
377,STAD,STAD
378,STAD,STAD
379,STAD,PAAD
380,STAD,STAD
381,STAD,STAD
382,STAD,STAD
383,STAD,STAD
384,STAD,STAD
385,STAD,STAD
386,STAD,STAD
387,STAD,STAD
388,STAD,PAAD
389,STAD,STAD
390,STAD,STAD
391,STAD,STAD
392,STAD,STAD
393,STAD,STAD
394,STAD,STAD
395,STAD,STAD
396,STAD,STAD
397,STAD,STAD
398,STAD,STAD
399,STAD,STAD
400,STAD,STAD
401,STAD,STAD
402,STAD,STAD
403,STAD,STAD
404,STAD,STAD
405,STAD,PAAD
406,STAD,STAD
407,STAD,STAD
408,STAD,STAD
409,STAD,PAAD
410,STAD,STAD
411,STAD,STAD
412,STAD,STAD
413,STAD,STAD
414,STAD,STAD
415,STAD,STAD
416,STAD,PAAD
417,STAD,STAD
418,STAD,PAAD
419,STAD,STAD
420,STAD,STAD
421,STAD,STAD
422,STAD,STAD
423,STAD,STAD
424,STAD,STAD
425,STAD,STAD
426,STAD,STAD
427,STAD,STAD
428,STAD,PAAD
429,STAD,STAD
430,STAD,STAD
431,STAD,PAAD
432,STAD,STAD
433,STAD,STAD
434,STAD,STAD
435,STAD,STAD
436,STAD,STAD
437,STAD,STAD
438,STAD,STAD
439,STAD,STAD
440,STAD,STAD
441,STAD,STAD
442,STAD,PAAD
443,STAD,STAD
444,STAD,STAD
445,STAD,STAD
446,STAD,STAD
447,STAD,STAD
448,STAD,PAAD
449,STAD,STAD
450,STAD,PAAD
451,STAD,PAAD
452,STAD,PAAD
453,STAD,PAAD
454,STAD,STAD
455,STAD,PAAD
456,STAD,PAAD
457,STAD,PAAD
458,STAD,PAAD
459,STAD,PAAD
460,STAD,PAAD
461,STAD,PAAD
462,STAD,PAAD
463,STAD,PAAD
464,STAD,STAD
465,STAD,PAAD
466,STAD,PAAD
467,STAD,PAAD
468,STAD,PAAD
469,STAD,PAAD
470,STAD,PAAD
471,STAD,PAAD
472,PAAD,PAAD
473,PAAD,PAAD
474,PAAD,PAAD
475,PAAD,PAAD
476,PAAD,PAAD
477,PAAD,PAAD
478,PAAD,PAAD
479,PAAD,PCPG
480,PAAD,PAAD
481,PAAD,PCPG
482,PAAD,PAAD
483,PAAD,PCPG
484,PAAD,PAAD
485,PAAD,PAAD
486,PAAD,PAAD
487,PAAD,PAAD
488,PAAD,PAAD
489,PAAD,PAAD
490,PAAD,PCPG
491,PAAD,PAAD
492,PAAD,BRCA
493,PAAD,HNSC
494,PAAD,PAAD
495,PAAD,STAD
496,PAAD,PAAD
497,PAAD,PAAD
498,PAAD,COAD
499,PAAD,PAAD
500,PAAD,COAD
501,PAAD,PCPG
502,PAAD,COAD
503,PAAD,PAAD
504,STAD,HNSC
505,STAD,HNSC
506,STAD,BRCA
507,STAD,LUAD
508,STAD,BRCA
509,STAD,LUAD
510,STAD,TGCT
511,STAD,HNSC
512,STAD,PCPG
513,STAD,HNSC
514,STAD,HNSC
515,STAD,ESCA
516,STAD,STAD
517,STAD,SARC
518,STAD,LUAD
519,STAD,LUSC
520,STAD,LUAD
521,STAD,PAAD
522,STAD,ESCA
523,STAD,BRCA
524,STAD,SARC
525,STAD,HNSC
526,STAD,SARC
527,STAD,LUAD
528,STAD,PRAD
529,STAD,LUAD
530,STAD,PRAD
531,STAD,PCPG
532,STAD,BRCA
533,STAD,HNSC
534,STAD,BRCA
535,STAD,HNSC
536,STAD,PCPG
537,STAD,LUAD
538,STAD,STAD
539,STAD,HNSC
540,STAD,ESCA
541,STAD,CESC
542,STAD,BLCA
543,STAD,STAD
544,STAD,PCPG
545,STAD,HNSC
546,STAD,LUAD
547,STAD,TGCT
548,STAD,LUAD
549,STAD,LUAD
550,STAD,LUAD
551,STAD,TGCT
552,STAD,LUAD
553,STAD,LUAD
554,STAD,UCEC
555,STAD,SARC
556,STAD,LUAD
557,STAD,LUAD
558,STAD,LUAD
559,STAD,UCEC
560,STAD,UCEC
561,STAD,UCEC
562,STAD,BRCA
563,STAD,LUAD
564,STAD,SARC
565,STAD,LUAD
566,STAD,PCPG
567,STAD,LUAD
568,STAD,LUAD
569,STAD,UCEC
570,STAD,SARC
571,STAD,UCEC
572,STAD,SARC
573,STAD,SARC
574,STAD,SARC
575,STAD,LUAD
576,STAD,SARC
577,STAD,SARC
578,STAD,LUAD
579,STAD,LUAD
580,HNSC,HNSC
581,HNSC,CESC
582,HNSC,HNSC
583,HNSC,HNSC
584,HNSC,BLCA
585,HNSC,TGCT
586,HNSC,HNSC
587,HNSC,HNSC
588,HNSC,CESC
589,HNSC,CESC
590,HNSC,CESC
591,HNSC,LUSC
592,HNSC,HNSC
593,HNSC,TGCT
594,HNSC,TGCT
595,HNSC,HNSC
596,HNSC,HNSC
597,HNSC,HNSC
598,HNSC,HNSC
599,HNSC,CESC
600,HNSC,HNSC
601,HNSC,CESC
602,HNSC,CESC
603,HNSC,TGCT
604,HNSC,CESC
605,HNSC,HNSC
606,HNSC,SKCM
607,HNSC,HNSC
608,HNSC,HNSC
609,HNSC,TGCT
610,HNSC,TGCT
611,HNSC,TGCT
612,HNSC,CESC
613,HNSC,BLCA
614,HNSC,CESC
615,HNSC,HNSC
616,HNSC,TGCT
617,HNSC,TGCT
618,HNSC,CESC
619,HNSC,TGCT
620,HNSC,HNSC
621,HNSC,HNSC
622,HNSC,HNSC
623,HNSC,CESC
624,HNSC,HNSC
625,HNSC,HNSC
626,HNSC,HNSC
627,HNSC,HNSC
628,SKCM,SKCM
629,SKCM,SKCM
630,SKCM,SKCM
631,SKCM,BLCA
632,SKCM,BRCA
633,SKCM,BLCA
634,SKCM,SKCM
635,SKCM,SKCM
636,SKCM,SKCM
637,SKCM,SKCM
638,SKCM,SKCM
639,SKCM,SKCM
640,SKCM,SKCM
641,SKCM,SKCM
642,SKCM,SKCM
643,SKCM,SKCM
644,SKCM,SKCM
645,SKCM,SKCM
646,SKCM,SKCM
647,SKCM,SKCM
648,SKCM,SKCM
649,SKCM,SKCM
650,SKCM,SKCM
651,SKCM,SKCM
652,SKCM,SKCM
653,SKCM,SKCM
654,SKCM,SKCM
655,SKCM,SKCM
656,SKCM,SKCM
657,SKCM,SKCM
658,SKCM,SKCM
659,SKCM,SKCM
660,SKCM,PCPG
661,SKCM,SKCM
662,SKCM,SKCM
663,SKCM,SKCM
664,SKCM,BRCA
665,SKCM,SKCM
666,SKCM,SKCM
667,SKCM,SKCM
668,CESC,LAML
669,CESC,CESC
670,CESC,LAML
671,CESC,LAML
672,CESC,CESC
673,CESC,UCEC
674,CESC,CESC
675,CESC,LAML
676,CESC,BLCA
677,CESC,LAML
678,CESC,UCEC
679,CESC,UCEC
680,CESC,LUSC
681,CESC,LUSC
682,CESC,UCEC
683,CESC,HNSC
684,CESC,UCEC
685,CESC,LUSC
686,CESC,UCEC
687,CESC,CESC
688,CESC,CESC
689,CESC,UCEC
690,CESC,LAML
691,CESC,LAML
692,CESC,BLCA
693,CESC,LAML
694,CESC,UCEC
695,CESC,LAML
696,CESC,CESC
697,CESC,LAML
698,CESC,LAML
699,CESC,LAML
700,CESC,LAML
701,CESC,CESC
702,CESC,UCEC
703,CESC,BLCA
704,CESC,CESC
705,CESC,CESC
706,CESC,LAML
707,CESC,BLCA
708,CESC,CESC
709,CESC,LAML
710,CESC,LAML
711,CESC,LAML
712,BRCA,BRCA
713,BRCA,BRCA
714,BRCA,BRCA
715,BRCA,BRCA
716,BRCA,BRCA
717,BRCA,BRCA
718,BRCA,BRCA
719,BRCA,BRCA
720,BRCA,BRCA
721,BRCA,BRCA
722,BRCA,BRCA
723,BRCA,BRCA
724,BRCA,BRCA
725,BRCA,BRCA
726,BRCA,BRCA
727,BRCA,BRCA
728,BRCA,BRCA
729,BRCA,BRCA
730,BRCA,BRCA
731,BRCA,BRCA
732,BRCA,BRCA
733,BRCA,BRCA
734,BRCA,BRCA
735,BRCA,BRCA
736,BRCA,BRCA
737,BRCA,BRCA
738,BRCA,BRCA
739,BRCA,BRCA
740,BRCA,BRCA
741,BRCA,BRCA
742,BRCA,BRCA
743,BRCA,BRCA
744,BRCA,BRCA
745,BRCA,BRCA
746,BRCA,BRCA
747,BRCA,BRCA
748,BRCA,BRCA
749,BRCA,BRCA
750,BRCA,BRCA
751,BRCA,UCEC
752,BRCA,BRCA
753,BRCA,BLCA
754,BRCA,BRCA
755,BRCA,BRCA
756,BRCA,BRCA
757,BRCA,BRCA
758,BRCA,BRCA
759,BRCA,BRCA
760,BRCA,BRCA
761,BRCA,BRCA
762,BRCA,BRCA
763,BRCA,BRCA
764,BRCA,UCEC
765,BRCA,HNSC
766,BRCA,BRCA
767,BRCA,BRCA
768,BRCA,BRCA
769,BRCA,BRCA
770,BRCA,BRCA
771,BRCA,BRCA
772,BRCA,BRCA
773,BRCA,BRCA
774,BRCA,BRCA
775,BRCA,SKCM
776,BRCA,HNSC
777,BRCA,BRCA
778,BRCA,BRCA
779,BRCA,BRCA
780,BRCA,BRCA
781,BRCA,BRCA
782,BRCA,SARC
783,BRCA,BRCA
784,BRCA,BRCA
785,BRCA,SKCM
786,BRCA,BRCA
787,BRCA,SKCM
788,BRCA,BRCA
789,BRCA,BRCA
790,BRCA,BRCA
791,BRCA,BRCA
792,BRCA,BRCA
793,BRCA,BRCA
794,BRCA,BRCA
795,BRCA,BRCA
796,BRCA,BRCA
797,BRCA,BRCA
798,BRCA,BRCA
799,BRCA,BRCA
800,BRCA,BRCA
801,BRCA,LUAD
802,BRCA,BRCA
803,BRCA,BRCA
804,BRCA,BRCA
805,BRCA,BRCA
806,BRCA,BRCA
807,BRCA,BRCA
808,BRCA,BRCA
809,BRCA,BRCA
810,BRCA,BRCA
811,BRCA,BRCA
812,BRCA,BRCA
813,BRCA,BRCA
814,BRCA,BRCA
815,BRCA,BRCA
816,BRCA,BRCA
817,BRCA,BRCA
818,BRCA,HNSC
819,BRCA,SKCM
820,BRCA,BRCA
821,BRCA,BRCA
822,BRCA,BRCA
823,BRCA,BRCA
824,BRCA,BRCA
825,BRCA,BRCA
826,BRCA,BRCA
827,BRCA,BRCA
828,BRCA,BRCA
829,BRCA,BRCA
830,BRCA,BRCA
831,BRCA,BRCA
832,BRCA,BRCA
833,BRCA,BRCA
834,BRCA,BRCA
835,BRCA,BRCA
836,BRCA,BRCA
837,BRCA,BRCA
838,BRCA,BRCA
839,BRCA,BRCA
840,BRCA,BRCA
841,BRCA,BRCA
842,BRCA,BRCA
843,BRCA,BRCA
844,BRCA,BRCA
845,BRCA,BRCA
846,BRCA,BRCA
847,BRCA,BRCA
848,BRCA,BRCA
849,BRCA,BRCA
850,BRCA,BRCA
851,BRCA,BRCA
852,BRCA,BRCA
853,BRCA,BRCA
854,BRCA,BRCA
855,BRCA,BRCA
856,BRCA,BRCA
857,BRCA,BRCA
858,BRCA,BRCA
859,BRCA,BRCA
860,BRCA,BRCA
861,BRCA,BRCA
862,BRCA,BRCA
863,BRCA,BRCA
864,BRCA,BRCA
865,BRCA,BRCA
866,BRCA,BRCA
867,BRCA,BRCA
868,BRCA,BRCA
869,BRCA,BRCA
870,BRCA,BRCA
871,BRCA,BRCA
872,BRCA,BRCA
873,BRCA,BRCA
874,BRCA,BRCA
875,BRCA,BRCA
876,BRCA,BRCA
877,BRCA,BRCA
878,BRCA,BRCA
879,BRCA,BRCA
880,BRCA,BRCA
881,BRCA,BRCA
882,BRCA,BRCA
883,BRCA,BRCA
884,BRCA,BRCA
885,BRCA,BRCA
886,BRCA,BRCA
887,BRCA,BRCA
888,BRCA,BRCA
889,BRCA,BRCA
890,BRCA,BRCA
891,BRCA,BRCA
892,BRCA,BRCA
893,BRCA,BRCA
894,BRCA,BRCA
895,BRCA,BRCA
896,BRCA,BRCA
897,BRCA,BRCA
898,BRCA,BRCA
899,BRCA,BRCA
900,BRCA,BRCA
901,BRCA,BRCA
902,BRCA,BRCA
903,BRCA,BRCA
904,BRCA,BRCA
905,BRCA,BRCA
906,BRCA,BRCA
907,BRCA,BRCA
908,BRCA,BRCA
909,BRCA,BRCA
910,BRCA,BRCA
911,BRCA,BLCA
912,BRCA,BRCA
913,BRCA,LUSC
914,BRCA,BRCA
915,BRCA,BRCA
916,BRCA,BRCA
917,BRCA,BRCA
918,BRCA,BRCA
919,BRCA,BRCA
920,BRCA,BRCA
921,BRCA,BRCA
922,BRCA,BRCA
923,BRCA,BRCA
924,BRCA,BRCA
925,BRCA,BRCA
926,BRCA,BRCA
927,BRCA,CESC
928,BRCA,BRCA
929,BRCA,LUSC
930,BRCA,BRCA
931,BRCA,BRCA
932,BRCA,BRCA
933,BRCA,BRCA
934,BRCA,SKCM
935,BRCA,BRCA
936,BRCA,LUSC
937,BRCA,BRCA
938,BRCA,BRCA
939,BRCA,BRCA
940,BRCA,BRCA
941,BRCA,BRCA
942,BRCA,BLCA
943,BRCA,BRCA
944,BRCA,BRCA
945,BRCA,BRCA
946,BRCA,BRCA
947,BRCA,BRCA
948,BRCA,BRCA
949,BRCA,BRCA
950,BRCA,BRCA
951,BRCA,BRCA
952,BRCA,BRCA
953,BRCA,BRCA
954,BRCA,BRCA
955,BRCA,BRCA
956,BRCA,BRCA
957,BRCA,BRCA
958,BRCA,BRCA
959,BRCA,HNSC
960,BRCA,BRCA
961,BRCA,BRCA
962,BRCA,BRCA
963,BRCA,BRCA
964,BRCA,BRCA
965,BRCA,BRCA
966,BRCA,BRCA
967,BRCA,BRCA
968,BRCA,BLCA
969,BRCA,BRCA
970,BRCA,BRCA
971,BRCA,BRCA
972,BRCA,BRCA
973,BRCA,BRCA
974,BRCA,BRCA
975,BRCA,BRCA
976,BRCA,BRCA
977,BRCA,BRCA
978,BRCA,BRCA
979,BRCA,BLCA
980,BRCA,BRCA
981,BRCA,BRCA
982,BRCA,BRCA
983,BRCA,BRCA
984,BRCA,HNSC
985,BRCA,BRCA
986,BRCA,BRCA
987,BRCA,SKCM
988,BRCA,BRCA
989,BRCA,BRCA
990,BRCA,BRCA
991,BRCA,SKCM
992,BRCA,BRCA
993,BRCA,BRCA
994,BRCA,BRCA
995,BRCA,SARC
996,BRCA,BRCA
997,BRCA,BRCA
998,BRCA,BRCA
999,BRCA,BRCA
1000,BRCA,BRCA
1001,BRCA,THCA
1002,BRCA,BRCA
1003,BRCA,BRCA
1004,BRCA,UCEC
1005,BRCA,BRCA
1006,BRCA,BRCA
1007,ESCA,STAD
1008,ESCA,PAAD
1009,ESCA,STAD
1010,ESCA,CESC
1011,ESCA,PAAD
1012,ESCA,HNSC
1013,ESCA,STAD
1014,ESCA,STAD
1015,ESCA,LUSC
1016,ESCA,PAAD
1017,ESCA,LUSC
1018,ESCA,ESCA
1019,ESCA,STAD
1020,ESCA,STAD
1021,ESCA,STAD
1022,ESCA,STAD
1023,ESCA,PAAD
1024,ESCA,PAAD
1025,ESCA,STAD
1026,ESCA,STAD
1027,ESCA,LUSC
1028,ESCA,STAD
1029,ESCA,HNSC
1030,ESCA,ESCA
1031,ESCA,HNSC
1032,ESCA,PAAD
1033,ESCA,STAD
1034,ESCA,PAAD
1035,ESCA,PAAD
1036,ESCA,PAAD
1037,ESCA,HNSC
1038,ESCA,PAAD
1039,ESCA,PAAD
1040,ESCA,STAD
1041,ESCA,CESC
1042,ESCA,PAAD
1043,ESCA,PAAD
1044,ESCA,PAAD
1045,ESCA,HNSC
1046,ESCA,STAD
1047,ESCA,HNSC
1048,ESCA,ESCA
1049,ESCA,PAAD
1050,ESCA,PAAD
1051,ESCA,HNSC
1052,ESCA,HNSC
1053,ESCA,STAD
1054,ESCA,CESC
1055,ESCA,STAD
1056,ESCA,PAAD
1057,ESCA,STAD
1058,ESCA,STAD
1059,ESCA,STAD
1060,ESCA,STAD
1061,ESCA,PAAD
1062,ESCA,STAD
1063,ESCA,STAD
1064,ESCA,STAD
1065,ESCA,STAD
1066,ESCA,PAAD
1067,ESCA,LIHC
1068,ESCA,HNSC
1069,ESCA,LUSC
1070,ESCA,HNSC
1071,ESCA,PAAD
1072,ESCA,STAD
1073,ESCA,STAD
1074,ESCA,HNSC
1075,ESCA,STAD
1076,ESCA,ESCA
1077,ESCA,PAAD
1078,ESCA,PAAD
1079,ESCA,STAD
1080,ESCA,PAAD
1081,ESCA,PAAD
1082,ESCA,HNSC
1083,ESCA,STAD
1084,ESCA,STAD
1085,ESCA,STAD
1086,ESCA,STAD
1087,ESCA,ESCA
1088,ESCA,STAD
1089,ESCA,HNSC
1090,ESCA,STAD
1091,ESCA,ESCA
1092,ESCA,STAD
1093,ESCA,STAD
1094,ESCA,STAD
1095,ESCA,HNSC
1096,ESCA,PAAD
1097,ESCA,HNSC
1098,ESCA,HNSC
1099,ESCA,PAAD
1100,ESCA,HNSC
1101,ESCA,HNSC
1102,ESCA,HNSC
1103,ESCA,HNSC
1104,ESCA,HNSC
1105,ESCA,STAD
1106,ESCA,PAAD
1107,ESCA,STAD
1108,ESCA,STAD
1109,ESCA,STAD
1110,ESCA,ESCA
1111,ESCA,ESCA
1112,ESCA,HNSC
1113,ESCA,BLCA
1114,ESCA,STAD
1115,ESCA,STAD
1116,ESCA,HNSC
1117,ESCA,STAD
1118,ESCA,STAD
1119,ESCA,HNSC
1120,ESCA,STAD
1121,ESCA,HNSC
1122,ESCA,STAD
1123,ESCA,STAD
1124,ESCA,HNSC
1125,ESCA,STAD
1126,ESCA,STAD
1127,ESCA,STAD
1128,ESCA,STAD
1129,ESCA,HNSC
1130,ESCA,ESCA
1131,ESCA,HNSC
1132,ESCA,HNSC
1133,ESCA,HNSC
1134,ESCA,HNSC
1135,ESCA,STAD
1136,ESCA,HNSC
1137,ESCA,STAD
1138,ESCA,HNSC
1139,ESCA,HNSC
1140,ESCA,HNSC
1141,ESCA,HNSC
1142,ESCA,HNSC
1143,ESCA,PAAD
1144,ESCA,STAD
1145,ESCA,STAD
1146,ESCA,ESCA
1147,ESCA,PAAD
1148,ESCA,PAAD
1149,ESCA,ESCA
1150,ESCA,STAD
1151,ESCA,COAD
1152,ESCA,PAAD
1153,ESCA,HNSC
1154,ESCA,PAAD
1155,ESCA,ESCA
1156,ESCA,HNSC
1157,ESCA,STAD
1158,ESCA,STAD
1159,ESCA,STAD
1160,ESCA,PAAD
1161,ESCA,STAD
1162,ESCA,STAD
1163,ESCA,STAD
1164,ESCA,STAD
1165,ESCA,STAD
1166,ESCA,STAD
1167,ESCA,STAD
1168,ESCA,STAD
1169,ESCA,HNSC
1170,ESCA,HNSC
1171,ESCA,HNSC
1172,ESCA,HNSC
1173,ESCA,STAD
1174,ESCA,HNSC
1175,ESCA,LIHC
1176,ESCA,HNSC
1177,ESCA,HNSC
1178,ESCA,HNSC
1179,ESCA,ESCA
1180,ESCA,HNSC
1181,ESCA,LIHC
1182,ESCA,HNSC
1183,ESCA,ESCA
1184,ESCA,HNSC
1185,ESCA,UCEC
1186,ESCA,STAD
1187,ESCA,HNSC
1188,ESCA,HNSC
1189,ESCA,STAD
1190,ESCA,STAD
1191,ESCA,STAD
1192,ESCA,STAD
1193,ESCA,STAD
1194,ESCA,HNSC
1195,ESCA,HNSC
1196,ESCA,STAD
1197,ESCA,STAD
1198,ESCA,HNSC
1199,ESCA,ESCA
1200,ESCA,STAD
1201,ESCA,STAD
1202,ESCA,STAD
1203,ESCA,STAD
1204,ESCA,ESCA
1205,ESCA,STAD
1206,ESCA,HNSC
1207,ESCA,HNSC
1208,ESCA,LUAD
1209,ESCA,STAD
1210,ESCA,HNSC
1211,ESCA,ESCA
1212,ESCA,STAD
1213,ESCA,HNSC
1214,ESCA,HNSC
1215,ESCA,CESC
1216,ESCA,HNSC
1217,ESCA,HNSC
1218,ESCA,STAD
1219,ESCA,HNSC
1220,ESCA,STAD
1221,ESCA,HNSC
1222,ESCA,HNSC
1223,ESCA,ESCA
1224,ESCA,HNSC
1225,ESCA,STAD
1226,ESCA,HNSC
1227,ESCA,ESCA
1228,ESCA,HNSC
1229,ESCA,STAD
1230,ESCA,STAD
1231,ESCA,HNSC
1232,ESCA,PAAD
1233,ESCA,STAD
1234,ESCA,HNSC
1235,ESCA,HNSC
1236,ESCA,HNSC
1237,ESCA,STAD
1238,ESCA,HNSC
1239,ESCA,HNSC
1240,ESCA,HNSC
1241,ESCA,HNSC
1242,ESCA,HNSC
1243,ESCA,HNSC
1244,ESCA,HNSC
1245,ESCA,HNSC
1246,ESCA,HNSC
1247,ESCA,HNSC
1248,ESCA,HNSC
1249,ESCA,HNSC
1250,ESCA,HNSC
1251,ESCA,HNSC
1252,ESCA,HNSC
1253,ESCA,STAD
1254,ESCA,ESCA
1255,ESCA,HNSC
1256,ESCA,STAD
1257,BRCA,BRCA
1258,BRCA,BRCA
1259,BRCA,BRCA
1260,BRCA,BRCA
1261,BRCA,BRCA
1262,BRCA,BRCA
1263,BRCA,BRCA
1264,BRCA,BRCA
1265,BRCA,BRCA
1266,BRCA,BRCA
1267,BRCA,BRCA
1268,BRCA,BRCA
1269,BRCA,BRCA
1270,BRCA,BRCA
1271,BRCA,BRCA
1272,BRCA,BRCA
1273,BRCA,BRCA
1274,BRCA,PCPG
1275,ESCA,ESCA
1276,ESCA,HNSC
1277,ESCA,HNSC
1278,ESCA,LUSC
1279,ESCA,ESCA
1280,ESCA,HNSC
1281,ESCA,HNSC
1282,ESCA,HNSC
1283,ESCA,HNSC
1284,ESCA,HNSC
1285,LIHC,LIHC
1286,LIHC,LIHC
1287,LIHC,LIHC
1288,LIHC,LIHC
1289,LIHC,LIHC
1290,LIHC,LIHC
1291,LIHC,LIHC
1292,LIHC,LIHC
1293,LIHC,LIHC
1294,LIHC,LIHC
1295,LIHC,LIHC
1296,LIHC,LIHC
1297,LIHC,LIHC
1298,LIHC,LIHC
1299,LIHC,LIHC
1300,LIHC,LIHC
1301,LIHC,LIHC
1302,LIHC,LIHC
1303,LIHC,LIHC
1304,LIHC,LIHC
1305,LIHC,LIHC
1306,LIHC,LIHC
1307,LIHC,LIHC
1308,LIHC,LIHC
1309,LIHC,LIHC
1310,LIHC,LIHC
1311,LIHC,LIHC
1312,LIHC,LIHC
1313,LIHC,LIHC
1314,LIHC,LIHC
1315,LIHC,LIHC
1316,LIHC,LIHC
1317,LIHC,LIHC
1318,LIHC,LIHC
1319,LIHC,LIHC
1320,LIHC,LIHC
1321,LIHC,LIHC
1322,LIHC,LIHC
1323,LIHC,LIHC
1324,LIHC,LIHC
1325,LIHC,LIHC
1326,LIHC,LIHC
1327,LIHC,LIHC
1328,LIHC,LIHC
1329,LIHC,LIHC
1330,LIHC,LIHC
1331,LIHC,LIHC
1332,LIHC,LIHC
1333,LIHC,LIHC
1334,LIHC,LIHC
1335,LIHC,LIHC
1336,LIHC,LIHC
1337,LIHC,LIHC
1338,LIHC,LIHC
1339,LIHC,LIHC
1340,LIHC,LIHC
1341,LIHC,LIHC
1342,LIHC,LIHC
1343,LIHC,LIHC
1344,LIHC,BLCA
1345,LIHC,LIHC
1346,LIHC,LIHC
1347,LIHC,LIHC
1348,LIHC,LIHC
1349,LIHC,LIHC
1350,LIHC,LIHC
1351,PRAD,PRAD
1352,PRAD,PRAD
1353,PRAD,PRAD
1354,PRAD,PRAD
1355,PRAD,PRAD
1356,PRAD,PRAD
1357,PRAD,PRAD
1358,PRAD,PRAD
1359,PRAD,PRAD
1360,PRAD,PRAD
1361,PRAD,PRAD
1362,PRAD,PRAD
1363,PRAD,PRAD
1364,PRAD,PRAD
1365,PRAD,PRAD
1366,PRAD,PRAD
1367,PRAD,PRAD
1368,PRAD,PRAD
1369,PRAD,PRAD
1370,PRAD,PRAD
1371,PRAD,PRAD
1372,PRAD,PRAD
1373,PRAD,PRAD
1374,PRAD,PRAD
1375,PRAD,PRAD
1376,PRAD,PRAD
1377,PRAD,PRAD
1378,PRAD,PRAD
1379,PRAD,PRAD
1380,PRAD,PRAD
1381,PRAD,PRAD
1382,PRAD,PRAD
1383,PRAD,PRAD
1384,PRAD,PRAD
1385,PRAD,PRAD
1386,PRAD,PRAD
1387,PRAD,PRAD
1388,PRAD,PRAD
1389,PRAD,PRAD
1390,PRAD,PRAD
1391,PRAD,PRAD
1392,PRAD,PRAD
1393,PRAD,PRAD
1394,PRAD,PRAD
1395,PRAD,PRAD
1396,PRAD,PRAD
1397,PRAD,PRAD
1398,PRAD,PRAD
1399,PRAD,PRAD
1400,PRAD,PRAD
1401,PRAD,PRAD
1402,PRAD,PRAD
1403,PRAD,PRAD
1404,PRAD,PRAD
1405,PRAD,PRAD
1406,PRAD,PRAD
1407,PRAD,PRAD
1408,PRAD,PRAD
1409,PRAD,PRAD
1410,PRAD,PRAD
1411,PRAD,PRAD
1412,PRAD,PRAD
1413,PRAD,PRAD
1414,PRAD,PRAD
1415,PRAD,PRAD
1416,PRAD,PRAD
1417,PRAD,PRAD
1418,PRAD,PRAD
1419,PRAD,PRAD
1420,PRAD,PRAD
1421,PRAD,PRAD
1422,PRAD,PRAD
1423,PRAD,PRAD
1424,PRAD,PRAD
1425,PRAD,PRAD
1426,PRAD,PRAD
1427,PRAD,PRAD
1428,PRAD,PRAD
1429,PRAD,PRAD
1430,PRAD,PRAD
1431,PRAD,PRAD
1432,PRAD,PRAD
1433,PRAD,PRAD
1434,PRAD,PRAD
1435,PRAD,PRAD
1436,PRAD,PRAD
1437,PRAD,PRAD
1438,PRAD,PRAD
1439,PRAD,PRAD
1440,PRAD,PRAD
1441,PRAD,PRAD
1442,PRAD,PRAD
1443,PRAD,PRAD
1444,PRAD,PRAD
1445,PRAD,PRAD
1446,PRAD,PRAD
1447,PRAD,PRAD
1448,PRAD,PRAD
1449,PRAD,PRAD
1450,PRAD,PRAD
1451,PRAD,PRAD
1452,PRAD,PRAD
1453,PRAD,PRAD
1454,PRAD,PRAD
1455,PRAD,PRAD
1456,PRAD,PRAD
1457,PRAD,PRAD
1458,PRAD,PRAD
1459,PRAD,PRAD
1460,PRAD,PRAD
1461,PRAD,PRAD
1462,PRAD,PRAD
1463,PRAD,PRAD
1464,PRAD,PRAD
1465,PRAD,PRAD
1466,PRAD,PRAD
1467,PRAD,PRAD
1468,PRAD,PRAD
1469,PRAD,PRAD
1470,PRAD,PRAD
1471,PRAD,PRAD
1472,PRAD,PRAD
1473,PRAD,PRAD
1474,PRAD,PRAD
1475,PRAD,PRAD
1476,PRAD,PRAD
1477,PRAD,PRAD
1478,PRAD,PRAD
1479,PRAD,PRAD
1480,PRAD,PRAD
1481,PRAD,PRAD
1482,PRAD,PRAD
1483,PRAD,PRAD
1484,PRAD,PRAD
1485,PRAD,PRAD
1486,PRAD,PRAD
1487,BRCA,BRCA
1488,BRCA,BRCA
1489,BRCA,BRCA
1490,BRCA,BRCA
1491,BRCA,LUAD
1492,BRCA,BRCA
1493,BRCA,BRCA
1494,BRCA,BRCA
1495,BRCA,BRCA
1496,BRCA,LUSC
1497,BRCA,BRCA
1498,BRCA,BRCA
1499,BRCA,CESC
1500,BRCA,BRCA
1501,BRCA,BRCA
1502,BRCA,BRCA
1503,BRCA,SKCM
1504,BRCA,BRCA
1505,BRCA,SKCM
1506,BRCA,BRCA
1507,BRCA,TGCT
1508,BRCA,SKCM
1509,BRCA,TGCT
1510,BRCA,HNSC
1511,BRCA,BRCA
1512,BRCA,BRCA
1513,BRCA,SKCM
1514,BRCA,BRCA
1515,BRCA,SKCM
1516,BRCA,SKCM
1517,BRCA,BRCA
1518,BRCA,BRCA
1519,BRCA,BRCA
1520,BRCA,BRCA
1521,BRCA,BRCA
1522,BRCA,BRCA
1523,BRCA,BRCA
1524,BRCA,BRCA
1525,BRCA,BRCA
1526,BRCA,BRCA
1527,BRCA,BRCA
1528,BRCA,SKCM
1529,BRCA,BRCA
1530,BRCA,BRCA
1531,BRCA,BRCA
1532,BRCA,BRCA
1533,BRCA,BRCA
1534,BRCA,LUSC
1535,BRCA,BRCA
1536,BRCA,LUAD
1537,BRCA,SKCM
1538,BRCA,BRCA
1539,BRCA,TGCT
1540,BRCA,SKCM
1541,BRCA,SKCM
1542,BRCA,BRCA
1543,BRCA,BRCA
1544,BRCA,BRCA
1545,BRCA,BRCA
1546,BRCA,SKCM
1547,BRCA,BRCA
1548,BRCA,BRCA
1549,BRCA,UCEC
1550,BRCA,SKCM
1551,BRCA,BLCA
1552,BRCA,BRCA
1553,BRCA,BRCA
1554,BRCA,HNSC
1555,BRCA,CESC
1556,BRCA,BRCA
1557,BRCA,BRCA
1558,BRCA,SKCM
1559,BRCA,BRCA
1560,BRCA,BRCA
1561,BRCA,BRCA
1562,BRCA,SKCM
1563,BRCA,BRCA
1564,BRCA,BRCA
1565,BRCA,CESC
1566,BRCA,BRCA
1567,BRCA,SKCM
1568,BRCA,SKCM
1569,BRCA,BRCA
1570,BRCA,BRCA
1571,BRCA,SKCM
1572,BRCA,SKCM
1573,BRCA,BRCA
1574,BRCA,BRCA
1575,BRCA,BRCA
1576,BRCA,BRCA
1577,BRCA,HNSC
1578,BRCA,LUSC
1579,BRCA,BRCA
1580,BRCA,BRCA
1581,BRCA,SKCM
1582,BRCA,HNSC
1583,BRCA,SKCM
1584,BRCA,SKCM
1585,BRCA,TGCT
1586,BRCA,PRAD
1587,BRCA,BRCA
1588,BRCA,BRCA
1589,BRCA,SKCM
1590,BRCA,BRCA
1591,BRCA,BRCA
1592,BRCA,BRCA
1593,BRCA,SKCM
1594,BRCA,BRCA
1595,BRCA,BRCA
